{"/": {"requests": 6, "failures": 0, "response_times": [211.38335000068764, 84.20819799903256, 150.73831100016832, 89.70091199989838, 14.114183000856428, 23.300259999814443]}}